"","trainAcc","testAcc","testPrecision","testRecall","testF1_score"
"1",0.689408964696549,0.673008323424495,0.637735849056604,0.802850356294537,0.710830704521556
