"","trainAcc","testAcc","testPrecision","testRecall","testF1_score"
"1",0.670368901229671,0.656361474435196,0.585201793721973,0.715068493150685,0.643649815043157
