"","trainAcc","valAcc","testAcc"
"1",0.853791227473648,0.654761904761905,0.662790697674419
