"","trainAcc","valAcc","testAcc"
"1",0.867626696206037,0.602380952380952,0.674418604651163
