"","trainAcc","valAcc","testAcc"
"1",0.865926219754066,0.627380952380952,0.606420927467301
