"","trainAcc","valAcc","testAcc"
"1",0.923046410154701,0.841666666666667,0.876543209876543
