"","trainAcc","valAcc","testAcc"
"1",0.882586275287584,0.555952380952381,0.545454545454545
