"","trainAcc","valAcc","testAcc"
"1",0.884966283220944,0.66547619047619,0.625
