"","trainAcc","valAcc","testAcc"
"1",0.883379611265371,0.707142857142857,0.655555555555556
