"","trainAcc","valAcc","testAcc"
"1",0.883379611265371,0.625,0.352941176470588
