"","trainAcc","valAcc","testAcc"
"1",0.876636255454185,0.596428571428571,0.555555555555556
