"","trainAcc","valAcc","testAcc"
"1",0.881396271320904,0.522619047619048,0.5
