"","trainAcc","valAcc","testAcc"
"1",0.880602935343118,0.566666666666667,0.641975308641975
