"","trainAcc","valAcc","testAcc"
"1",0.876636255454185,0.596428571428571,0.639175257731959
