"","trainAcc","valAcc","testAcc"
"1",0.883379611265371,0.625,0.616279069767442
