"","trainAcc","valAcc","testAcc"
"1",0.897262990876636,0.75,0.534883720930233
