"","trainAcc","valAcc","testAcc"
"1",0.900515620260843,0.548809523809524,0.598639455782313
