"","trainAcc","valAcc","testAcc"
"1",0.902523933855527,0.502380952380952,0.594285714285714
