"","trainAcc","valAcc","testAcc"
"1",0.893561954060175,0.60952380952381,0.618556701030928
