"","trainAcc","valAcc","testAcc"
"1",0.893433799784715,0.720238095238095,0.604651162790698
