"","trainAcc","valAcc","testAcc"
"1",0.888888888888889,0.694047619047619,0.727272727272727
