"","trainAcc","valAcc","testAcc"
"1",0.893783192752265,0.579761904761905,0.608
