"","trainAcc","valAcc","testAcc"
"1",0.885849375211077,0.653571428571429,0.627659574468085
