"","trainAcc","valAcc","testAcc"
"1",0.922553834529656,0.839285714285714,0.739130434782609
