"","trainAcc","valAcc","testAcc"
"1",0.903120356612184,0.525,0.612903225806452
