,trainAcc,testAcc
1,0.518841729,0.506539834
